Query_1	23	T	Haplotype1
Query_1	23	G	Haplotype2
Query_1	60	C	Haplotype1
Query_1	60	T	Haplotype2
Query_2	27	C	Haplotype1
Query_2	27	G	Haplotype2
Query_2	34	C	Haplotype1
Query_2	34	T	Haplotype2
Query_2	103	C	Haplotype1
Query_2	103	A	Haplotype2
Query_3	14	A	Haplotype1
Query_3	14	G	Haplotype2
Query_3	62	C	Haplotype1
Query_3	62	T	Haplotype2
Query_3	125	G	Haplotype1
Query_3	125	A	Haplotype2
Query_3	133	c	Haplotype1
Query_3	133	T	Haplotype2
Query_3	138	C	Haplotype1
Query_3	138	A	Haplotype2
Query_3	155	G	Haplotype1
Query_3	155	T	Haplotype2
